{"_runtime":138709.7881929,"train/box_loss":0.02453385666012764,"train/cls_loss":0.004806956276297569,"metrics/recall":0.9779853408474624,"Validation":{"filenames":["media/images/Validation_99_0240debf4668961c88a9.jpg","media/images/Validation_99_2b0c6a341ded89bb5071.jpg","media/images/Validation_99_43d8fb3eeb51076c16fa.jpg","media/images/Validation_99_411d8711b71077156e03.jpg","media/images/Validation_99_bae0028622fbdbd68a1c.jpg","media/images/Validation_99_89b1f5fcd5bd1776ee2b.jpg"],"captions":["test_batch0_labels.jpg","test_batch0_pred.jpg","test_batch1_labels.jpg","test_batch1_pred.jpg","test_batch2_labels.jpg","test_batch2_pred.jpg"],"_type":"images/separated","width":1280,"height":1280,"format":"jpg","count":6},"Results":{"_type":"images/separated","width":2400,"height":1200,"format":"png","count":6,"filenames":["media/images/Results_100_c2b03ea2951a380f897a.png","media/images/Results_100_f3ec17104fcd8e9b10f1.png","media/images/Results_100_402ea36186c02680b5aa.png","media/images/Results_100_df31c6c74afe5806017a.png","media/images/Results_100_f7f42a124817559bda45.png","media/images/Results_100_c282a80c26b574d50cc8.png"],"captions":["results.png","confusion_matrix.png","F1_curve.png","PR_curve.png","P_curve.png","R_curve.png"]},"val/obj_loss":0.007930192165076733,"metrics/mAP_0.5:0.95":0.8966666262354952,"x/lr0":0.0010088797220727775,"train/obj_loss":0.006612776778638363,"metrics/mAP_0.5":0.9821064688580516,"_wandb":{"runtime":138768},"_step":100,"x/lr1":0.0010088797220727775,"x/lr2":0.0010088797220727775,"Mosaics":{"width":1280,"height":1280,"format":"jpg","count":10,"filenames":["media/images/Mosaics_0_a24770a25f82370f9503.jpg","media/images/Mosaics_0_0e70e06ed93e1433240a.jpg","media/images/Mosaics_0_96d6ba84d46d5ce60c08.jpg","media/images/Mosaics_0_a652a087f46e062e2a8f.jpg","media/images/Mosaics_0_03ec80a1305514598dd9.jpg","media/images/Mosaics_0_66772e1e9581686e8139.jpg","media/images/Mosaics_0_6135aaddb88c4fc15e3d.jpg","media/images/Mosaics_0_3d116652c685f9a05e14.jpg","media/images/Mosaics_0_dd34995e1ccb25e65bbb.jpg","media/images/Mosaics_0_006cef07d7753cfa86e4.jpg"],"captions":["train_batch0.jpg","train_batch1.jpg","train_batch2.jpg","train_batch3.jpg","train_batch4.jpg","train_batch5.jpg","train_batch6.jpg","train_batch7.jpg","train_batch8.jpg","train_batch9.jpg"],"_type":"images/separated"},"val/box_loss":0.04708239808678627,"_timestamp":1.726385976612305e+09,"metrics/precision":0.9707073922461631,"Bounding Box Debugger/Images":{"captions":["IMG20240912110129_BURST000_COVER_26138737_jpg.rf.80ee9b13cd112d6437327a778620daaa.jpg","IMG20240912112406_BURST019_26138013_jpg.rf.bb071708038e0c694d067fdc029754ff.jpg","IMG20240912112406_BURST012_26138012_jpg.rf.f06567283194055fecf892d0c83943ab.jpg","IMG20240912112406_BURST010_26138012_jpg.rf.1bf9c4f532970de08e7d41791a0e6c55.jpg","IMG20240912112406_BURST008_26138012_jpg.rf.2153e912b67c4d655d1e8ec5e9f78f2d.jpg","IMG20240912112403_BURST019_26138026_jpg.rf.cfccf870c23d13b4d35a4a56b7a9fa37.jpg","IMG20240912112403_BURST012_26138025_jpg.rf.b3a4c7bd207f65a9a19f053d2d8dc983.jpg","IMG20240912112403_BURST009_26138025_jpg.rf.2102e7b1f6b8d2091a92f06b9643ed23.jpg","IMG20240912112403_BURST002_26138025_jpg.rf.a0e4f3c9a9267da9f3648080ad32f587.jpg","IMG20240912112401_BURST007_26138036_jpg.rf.e811223b989c77c94bcbe4c2854b1b37.jpg","IMG20240912112334_BURST017_26138055_jpg.rf.cca16c723bf4e7433340d2d193071c78.jpg","IMG20240912112334_BURST008_26138055_jpg.rf.c702b2d9882a90722373d9b0ceca81ee.jpg","IMG20240912112334_BURST003_26138054_jpg.rf.beb3d711676dbbdd48ec1f24c5c2b2a9.jpg","IMG20240912112330_BURST003_26138069_jpg.rf.000f45db5ed7f7fa44b839894270e3c2.jpg","IMG20240912112330_BURST001_26138069_jpg.rf.e5a68140505801beea09bc58cca86836.jpg","IMG20240912112308_BURST019_26138109_jpg.rf.f75d96c66c8c46c0ebabf28ea2edc793.jpg"],"all_boxes":[{"predictions":{"path":"media/metadata/boxes2D/Bounding Box Debugger/Images_99_763c6621f64cd1001de8.boxes2D.json","_type":"boxes2D","sha256":"763c6621f64cd1001de8a3d35e99f01a777630d776e84e4d9de1051c3b3a2a4a","size":4309}},{"predictions":{"size":6783,"path":"media/metadata/boxes2D/Bounding Box Debugger/Images_99_594f4bdbe7bd94c0f4d0.boxes2D.json","_type":"boxes2D","sha256":"594f4bdbe7bd94c0f4d0edb8dee088f8c3e519875f506226f489da1fb4a0e478"}},{"predictions":{"sha256":"3349b9fa13af191323fac2857e785eed1ec8db62b7083cfdaa72115da716ff04","size":5052,"path":"media/metadata/boxes2D/Bounding Box Debugger/Images_99_3349b9fa13af191323fa.boxes2D.json","_type":"boxes2D"}},{"predictions":{"_type":"boxes2D","sha256":"a3e8cd2266af3d35a2e74a40e5b5493ef71700570e730130013ba99db166e5f2","size":5244,"path":"media/metadata/boxes2D/Bounding Box Debugger/Images_99_a3e8cd2266af3d35a2e7.boxes2D.json"}},{"predictions":{"path":"media/metadata/boxes2D/Bounding Box Debugger/Images_99_69065a53ff7d0965d499.boxes2D.json","_type":"boxes2D","sha256":"69065a53ff7d0965d4994d602cbb9ed64328eb054e7ee97a5cca7e6867ecbf23","size":6943}},{"predictions":{"_type":"boxes2D","sha256":"c90651ca8baaab0ea0799875d8cd8d8f50cc80b3264b068fbe79c24d9709f773","size":3917,"path":"media/metadata/boxes2D/Bounding Box Debugger/Images_99_c90651ca8baaab0ea079.boxes2D.json"}},{"predictions":{"_type":"boxes2D","sha256":"422df5b83084cb561f094ae97fcac622c3586af03cb35ceceb6670301a603abe","size":4081,"path":"media/metadata/boxes2D/Bounding Box Debugger/Images_99_422df5b83084cb561f09.boxes2D.json"}},{"predictions":{"sha256":"6454b54e471a0268b37ef100dea13ec936d69a2a7d636acfd64fb0ab7cae5dab","size":4091,"path":"media/metadata/boxes2D/Bounding Box Debugger/Images_99_6454b54e471a0268b37e.boxes2D.json","_type":"boxes2D"}},{"predictions":{"_type":"boxes2D","sha256":"a15b94699cc831d3e460962db57b7f450e2b015f953a14d4406eeceaa5a8da1a","size":4477,"path":"media/metadata/boxes2D/Bounding Box Debugger/Images_99_a15b94699cc831d3e460.boxes2D.json"}},{"predictions":{"path":"media/metadata/boxes2D/Bounding Box Debugger/Images_99_5b70dae0cfca49613172.boxes2D.json","_type":"boxes2D","sha256":"5b70dae0cfca49613172e495ad833b0a5794c3d0ca8ccc401e4f6d96a128c491","size":2561}},{"predictions":{"sha256":"4f90a2779ac48774a84f55b6a05cc09004faf566cf544e0fe1a12fb7f6822fb8","size":3314,"path":"media/metadata/boxes2D/Bounding Box Debugger/Images_99_4f90a2779ac48774a84f.boxes2D.json","_type":"boxes2D"}},{"predictions":{"path":"media/metadata/boxes2D/Bounding Box Debugger/Images_99_5ebdec8ec0eee1ee5d71.boxes2D.json","_type":"boxes2D","sha256":"5ebdec8ec0eee1ee5d718efe45a9d1af8eaf97a107256c0e9ee7e62959c5a974","size":3344}},{"predictions":{"_type":"boxes2D","sha256":"e9fae7cada0b8d8f27a9e250f2e440bfbb7ac9e7eafd0539522bcf4127516f58","size":2751,"path":"media/metadata/boxes2D/Bounding Box Debugger/Images_99_e9fae7cada0b8d8f27a9.boxes2D.json"}},{"predictions":{"_type":"boxes2D","sha256":"4d75468b7331beb90d1351a8ede7668a145dda9633035d992e535bef6e5eb3a6","size":4080,"path":"media/metadata/boxes2D/Bounding Box Debugger/Images_99_4d75468b7331beb90d13.boxes2D.json"}},{"predictions":{"_type":"boxes2D","sha256":"4550c97f9da0c8c39c0c52a5befcf2b6bec5cd7d9efa7f320b74a407f8e918df","size":4271,"path":"media/metadata/boxes2D/Bounding Box Debugger/Images_99_4550c97f9da0c8c39c0c.boxes2D.json"}},{"predictions":{"sha256":"0eb7ea68c3a1aaa7ca6cda065d737b31de825eec28e5e8e00e888f6fdb60432d","size":5251,"path":"media/metadata/boxes2D/Bounding Box Debugger/Images_99_0eb7ea68c3a1aaa7ca6c.boxes2D.json","_type":"boxes2D"}}],"_type":"images/separated","width":672,"height":672,"format":"png","count":16,